COMMON GENE_ID,Exp_Z_CD274
TCGA-55-7227-01,-0.0036
TCGA-38-4626-01,-0.0090
TCGA-93-A4JQ-01,-0.0216
TCGA-55-6971-01,-0.0352
TCGA-38-4632-01,-0.0419
TCGA-53-7624-01,-0.0517
TCGA-NJ-A4YI-01,-0.0533
TCGA-44-7672-01,-0.0540
TCGA-MP-A4SY-01,-0.0571
TCGA-49-6743-01,-0.0588
TCGA-L9-A743-01,-0.0620
TCGA-55-8510-01,-0.0668
TCGA-44-7662-01,-0.0744
TCGA-05-4425-01,-0.0861
TCGA-MP-A4SV-01,-0.0879
TCGA-44-6779-01,-0.0887
TCGA-50-5049-01,-0.0927
TCGA-44-2666-01,-0.0936
TCGA-99-AA5R-01,-0.0995
TCGA-78-8660-01,-0.1042
TCGA-05-4418-01,-0.1219
TCGA-J2-8192-01,-0.1274
TCGA-50-5939-01,-0.1325
TCGA-95-8494-01,-0.1542
TCGA-50-6593-01,-0.1564
TCGA-MP-A4T9-01,-0.1564
TCGA-55-7725-01,-0.1612
TCGA-50-5045-01,-0.1660
TCGA-55-6968-01,-0.1664
TCGA-55-7815-01,-0.1681
TCGA-NJ-A55O-01,-0.1769
TCGA-05-4382-01,-0.1769
TCGA-64-5778-01,-0.1791
TCGA-49-AAR4-01,-0.1825
TCGA-44-A479-01,-0.1835
TCGA-97-7552-01,-0.1876
TCGA-86-7954-01,-0.1891
TCGA-78-7146-01,-0.1895
TCGA-86-8671-01,-0.1912
TCGA-97-7938-01,-0.1932
TCGA-55-6543-01,-0.1977
TCGA-55-6985-01,-0.2006
TCGA-64-1677-01,-0.2070
TCGA-73-A9RS-01,-0.2091
TCGA-44-8117-01,-0.2100
TCGA-78-8648-01,-0.2126
TCGA-55-6970-01,-0.2127
TCGA-91-8496-01,-0.2163
TCGA-67-6216-01,-0.2188
TCGA-05-5425-01,-0.2205
TCGA-05-4410-01,-0.2225
TCGA-69-7761-01,-0.2281
TCGA-L4-A4E5-01,-0.2310
TCGA-69-7980-01,-0.2341
TCGA-86-8075-01,-0.2348
TCGA-86-A456-01,-0.2356
TCGA-05-4389-01,-0.2374
TCGA-55-7816-01,-0.2375
TCGA-44-2661-01,-0.2435
TCGA-49-AARO-01,-0.2447
TCGA-49-4488-01,-0.2482
TCGA-86-8672-01,-0.2516
TCGA-64-1679-01,-0.2520
TCGA-L9-A5IP-01,-0.2600
TCGA-55-8204-01,-0.2643
TCGA-55-A48Z-01,-0.2647
TCGA-95-8039-01,-0.2684
TCGA-67-3773-01,-0.2689
TCGA-49-AARR-01,-0.2787
TCGA-86-8278-01,-0.2788
TCGA-55-A491-01,-0.2795
TCGA-69-8453-01,-0.2846
TCGA-49-4505-01,-0.2854
TCGA-44-7669-01,-0.2880
TCGA-75-6214-01,-0.2893
TCGA-86-8280-01,-0.2928
TCGA-55-8513-01,-0.2961
TCGA-69-8254-01,-0.3002
TCGA-75-6203-01,-0.3010
TCGA-53-7626-01,-0.3013
TCGA-91-6828-01,-0.3018
TCGA-86-A4P8-01,-0.3054
TCGA-97-A4M2-01,-0.3066
TCGA-55-8092-01,-0.3069
TCGA-95-7567-01,-0.3070
TCGA-93-A4JP-01,-0.3097
TCGA-50-5066-01,-0.3112
TCGA-62-8398-01,-0.3130
TCGA-62-8399-01,-0.3202
TCGA-95-7039-01,-0.3238
TCGA-50-6592-01,-0.3273
TCGA-49-AAQV-01,-0.3281
TCGA-86-8055-01,-0.3288
TCGA-55-6980-01,-0.3290
TCGA-55-8616-01,-0.3296
TCGA-NJ-A4YQ-01,-0.3329
TCGA-38-7271-01,-0.3373
TCGA-93-A4JO-01,-0.3381
TCGA-55-7728-01,-0.3395
TCGA-55-6982-01,-0.3420
TCGA-91-6830-01,-0.3442
TCGA-05-4405-01,-0.3450
TCGA-05-4417-01,-0.3454
TCGA-55-7914-01,-0.3475
TCGA-78-7160-01,-0.3479
TCGA-35-5375-01,-0.3482
TCGA-86-8074-01,-0.3490
TCGA-44-6775-01,-0.3552
TCGA-91-6829-01,-0.3566
TCGA-86-7701-01,-0.3566
TCGA-44-4112-01,-0.3593
TCGA-55-6969-01,-0.3596
TCGA-55-8506-01,-0.3682
TCGA-95-7947-01,-0.3684
TCGA-44-7660-01,-0.3695
TCGA-55-1594-01,-0.3718
TCGA-55-7727-01,-0.3723
TCGA-64-5815-01,-0.3738
TCGA-L4-A4E6-01,-0.3747
TCGA-55-6981-01,-0.3749
TCGA-69-8255-01,-0.3755
TCGA-86-6562-01,-0.3793
TCGA-55-7284-01,-0.3799
TCGA-64-5781-01,-0.3813
TCGA-05-4430-01,-0.3838
TCGA-97-A4M0-01,-0.3842
TCGA-44-A47A-01,-0.3846
TCGA-67-4679-01,-0.3848
TCGA-86-8076-01,-0.3919
TCGA-49-6744-01,-0.3930
TCGA-55-A48X-01,-0.3944
TCGA-80-5607-01,-0.3948
TCGA-78-7539-01,-0.3948
TCGA-44-7659-01,-0.3963
TCGA-49-4494-01,-0.3969
TCGA-55-1595-01,-0.3974
TCGA-05-4249-01,-0.3981
TCGA-55-8203-01,-0.3984
TCGA-55-A57B-01,-0.4024
TCGA-97-A4M5-01,-0.4045
TCGA-S2-AA1A-01,-0.4045
TCGA-91-8497-01,-0.4073
TCGA-44-2657-01,-0.4092
TCGA-49-AARN-01,-0.4100
TCGA-55-7576-01,-0.4107
TCGA-55-8619-01,-0.4113
TCGA-49-4501-01,-0.4121
TCGA-J2-A4AE-01,-0.4149
TCGA-86-8056-01,-0.4153
TCGA-93-7347-01,-0.4154
TCGA-44-A4SS-01,-0.4155
TCGA-69-7765-01,-0.4156
TCGA-91-6831-01,-0.4173
TCGA-73-4659-01,-0.4173
TCGA-97-A4M7-01,-0.4178
TCGA-05-4415-01,-0.4181
TCGA-91-7771-01,-0.4192
TCGA-78-7145-01,-0.4193
TCGA-75-5147-01,-0.4194
TCGA-05-5428-01,-0.4195
TCGA-55-5899-01,-0.4217
TCGA-86-7711-01,-0.4239
TCGA-78-7143-01,-0.4278
TCGA-86-8585-01,-0.4290
TCGA-NJ-A55A-01,-0.4305
TCGA-55-8207-01,-0.4306
TCGA-55-6642-01,-0.4307
TCGA-55-7724-01,-0.4314
TCGA-05-4395-01,-0.4338
TCGA-71-8520-01,-0.4341
TCGA-97-A4M6-01,-0.4346
TCGA-55-1592-01,-0.4352
TCGA-05-4432-01,-0.4371
TCGA-67-6217-01,-0.4384
TCGA-49-4487-01,-0.4403
TCGA-86-8668-01,-0.4407
TCGA-44-5645-01,-0.4411
TCGA-97-7547-01,-0.4419
TCGA-L9-A8F4-01,-0.4421
TCGA-44-8119-01,-0.4426
TCGA-86-8669-01,-0.4438
TCGA-73-7499-01,-0.4440
TCGA-05-4433-01,-0.4489
TCGA-80-5608-01,-0.4496
TCGA-67-3771-01,-0.4497
TCGA-50-5068-01,-0.4516
TCGA-69-7979-01,-0.4525
TCGA-MP-A4TH-01,-0.4527
TCGA-55-8206-01,-0.4545
TCGA-05-4390-01,-0.4546
TCGA-55-8620-01,-0.4552
TCGA-05-4422-01,-0.4565
TCGA-55-8514-01,-0.4578
TCGA-44-2659-01,-0.4589
TCGA-50-8460-01,-0.4591
TCGA-78-7163-01,-0.4598
TCGA-97-8547-01,-0.4638
TCGA-55-7907-01,-0.4659
TCGA-86-A4P7-01,-0.4668
TCGA-93-A4JN-01,-0.4678
TCGA-O1-A52J-01,-0.4690
TCGA-62-A46R-01,-0.4697
TCGA-50-8457-01,-0.4699
TCGA-73-4668-01,-0.4702
TCGA-67-3774-01,-0.4716
TCGA-MP-A4SW-01,-0.4720
TCGA-J2-A4AG-01,-0.4736
TCGA-78-8655-01,-0.4763
TCGA-75-6212-01,-0.4770
TCGA-97-8172-01,-0.4776
TCGA-NJ-A4YG-01,-0.4780
TCGA-05-5423-01,-0.4806
TCGA-95-7562-01,-0.4833
TCGA-80-5611-01,-0.4857
TCGA-75-7030-01,-0.4858
TCGA-55-7574-01,-0.4871
TCGA-55-8085-01,-0.4884
TCGA-05-4403-01,-0.4887
TCGA-55-6986-01,-0.4888
TCGA-50-5935-01,-0.4894
TCGA-97-8177-01,-0.4896
TCGA-44-6774-01,-0.4922
TCGA-73-4670-01,-0.4934
TCGA-05-4402-01,-0.4950
TCGA-50-5072-01,-0.4976
TCGA-86-7953-01,-0.4979
TCGA-55-7283-01,-0.4983
TCGA-97-8174-01,-0.5017
TCGA-50-5946-02,-0.5022
TCGA-MP-A4TK-01,-0.5029
TCGA-55-7573-01,-0.5031
TCGA-44-6148-01,-0.5035
TCGA-44-8120-01,-0.5056
TCGA-44-A4SU-01,-0.5068
TCGA-50-5066-02,-0.5086
TCGA-05-4424-01,-0.5102
TCGA-62-A46S-01,-0.5104
TCGA-44-7670-01,-0.5105
TCGA-97-8552-01,-0.5118
TCGA-38-4627-01,-0.5123
TCGA-91-A4BC-01,-0.5131
TCGA-69-7763-01,-0.5149
TCGA-67-3770-01,-0.5150
TCGA-64-5774-01,-0.5158
TCGA-55-8512-01,-0.5159
TCGA-J2-8194-01,-0.5185
TCGA-MP-A4TA-01,-0.5211
TCGA-78-7162-01,-0.5215
TCGA-75-7031-01,-0.5268
TCGA-55-8096-01,-0.5283
TCGA-97-A4M1-01,-0.5291
TCGA-78-7220-01,-0.5295
TCGA-50-8459-01,-0.5297
TCGA-49-4506-01,-0.5308
TCGA-69-7973-01,-0.5337
TCGA-69-7764-01,-0.5338
TCGA-MP-A4T6-01,-0.5362
TCGA-55-6984-01,-0.5363
TCGA-97-8179-01,-0.5367
TCGA-95-A4VP-01,-0.5381
TCGA-50-5930-01,-0.5395
TCGA-62-8394-01,-0.5399
TCGA-55-8508-01,-0.5417
TCGA-05-4397-01,-0.5418
TCGA-64-5779-01,-0.5425
TCGA-99-8025-01,-0.5433
TCGA-64-1681-01,-0.5463
TCGA-86-7713-01,-0.5471
TCGA-78-7158-01,-0.5476
TCGA-99-8032-01,-0.5476
TCGA-91-8499-01,-0.5492
TCGA-78-7159-01,-0.5495
TCGA-62-8397-01,-0.5496
TCGA-50-5944-01,-0.5498
TCGA-73-4677-01,-0.5498
TCGA-50-5936-01,-0.5527
TCGA-55-8614-01,-0.5536
TCGA-MP-A4T7-01,-0.5538
TCGA-75-7025-01,-0.5543
TCGA-05-4384-01,-0.5550
TCGA-50-5942-01,-0.5568
TCGA-55-7726-01,-0.5569
TCGA-55-6983-01,-0.5586
TCGA-50-5055-01,-0.5586
TCGA-91-6847-01,-0.5588
TCGA-78-7536-01,-0.5590
TCGA-86-8054-01,-0.5598
TCGA-95-A4VK-01,-0.5601
TCGA-NJ-A4YP-01,-0.5611
TCGA-55-A4DG-01,-0.5629
TCGA-93-8067-01,-0.5634
TCGA-93-7348-01,-0.5639
TCGA-86-8359-01,-0.5639
TCGA-75-6206-01,-0.5646
TCGA-49-4510-01,-0.5655
TCGA-55-8507-01,-0.5666
TCGA-55-7910-01,-0.5672
TCGA-44-2655-01,-0.5677
TCGA-MN-A4N4-01,-0.5686
TCGA-86-8358-01,-0.5692
TCGA-78-7540-01,-0.5693
TCGA-55-7281-01,-0.5698
TCGA-44-5643-01,-0.5712
TCGA-50-5946-01,-0.5717
TCGA-49-AAR0-01,-0.5733
TCGA-49-AARQ-01,-0.5741
TCGA-38-4630-01,-0.5748
TCGA-64-1680-01,-0.5760
TCGA-NJ-A55R-01,-0.5761
TCGA-67-6215-01,-0.5764
TCGA-91-6840-01,-0.5767
TCGA-78-8640-01,-0.5770
TCGA-78-7154-01,-0.5772
TCGA-38-A44F-01,-0.5772
TCGA-55-8097-01,-0.5779
TCGA-62-A470-01,-0.5785
TCGA-78-7535-01,-0.5789
TCGA-50-6673-01,-0.5793
TCGA-53-7813-01,-0.5802
TCGA-44-6146-01,-0.5806
TCGA-55-A490-01,-0.5808
TCGA-69-7760-01,-0.5823
TCGA-97-7941-01,-0.5825
TCGA-86-A4D0-01,-0.5831
TCGA-44-7667-01,-0.5850
TCGA-38-4628-01,-0.5852
TCGA-78-7155-01,-0.5883
TCGA-91-6849-01,-0.5902
TCGA-78-7148-01,-0.5902
TCGA-86-7714-01,-0.5903
TCGA-50-7109-01,-0.5905
TCGA-55-7570-01,-0.5905
TCGA-86-8073-01,-0.5920
TCGA-69-8253-01,-0.5923
TCGA-73-7498-01,-0.5924
TCGA-MN-A4N1-01,-0.5937
TCGA-78-7166-01,-0.5939
TCGA-05-4396-01,-0.5945
TCGA-78-7152-01,-0.5958
TCGA-53-A4EZ-01,-0.5958
TCGA-L9-A7SV-01,-0.5967
TCGA-75-7027-01,-0.5973
TCGA-J2-A4AD-01,-0.5979
TCGA-62-A471-01,-0.5989
TCGA-50-5932-01,-0.5992
TCGA-49-4507-01,-0.6006
TCGA-55-A48Y-01,-0.6009
TCGA-35-3615-01,-0.6022
TCGA-49-6742-01,-0.6029
TCGA-L9-A443-01,-0.6041
TCGA-71-6725-01,-0.6047
TCGA-86-7955-01,-0.6053
TCGA-05-5715-01,-0.6053
TCGA-55-1596-01,-0.6069
TCGA-MP-A4TE-01,-0.6070
TCGA-50-5051-01,-0.6095
TCGA-05-4420-01,-0.6102
TCGA-62-A46V-01,-0.6108
TCGA-44-6147-01,-0.6116
TCGA-38-6178-01,-0.6123
TCGA-78-7150-01,-0.6123
TCGA-44-7671-01,-0.6136
TCGA-75-6211-01,-0.6143
TCGA-78-7633-01,-0.6145
TCGA-44-A47B-01,-0.6154
TCGA-97-A4M3-01,-0.6158
TCGA-MP-A4TD-01,-0.6158
TCGA-86-8674-01,-0.6166
TCGA-44-6776-01,-0.6192
TCGA-86-8279-01,-0.6200
TCGA-49-4512-01,-0.6204
TCGA-49-AARE-01,-0.6242
TCGA-97-7937-01,-0.6258
TCGA-75-5146-01,-0.6266
TCGA-78-7147-01,-0.6277
TCGA-MP-A4T8-01,-0.6281
TCGA-86-8673-01,-0.6286
TCGA-55-8087-01,-0.6292
TCGA-62-A46O-01,-0.6297
TCGA-49-AAR9-01,-0.6297
TCGA-49-AAR2-01,-0.6303
TCGA-78-7537-01,-0.6309
TCGA-67-3772-01,-0.6345
TCGA-NJ-A7XG-01,-0.6360
TCGA-55-8505-01,-0.6362
TCGA-38-4631-01,-0.6363
TCGA-86-8281-01,-0.6387
TCGA-L9-A50W-01,-0.6390
TCGA-55-7913-01,-0.6391
TCGA-91-A4BD-01,-0.6406
TCGA-55-8615-01,-0.6420
TCGA-78-7161-01,-0.6452
TCGA-62-A46P-01,-0.6456
TCGA-97-8176-01,-0.6489
TCGA-MP-A5C7-01,-0.6493
TCGA-95-7948-01,-0.6508
TCGA-49-4490-01,-0.6533
TCGA-73-4675-01,-0.6536
TCGA-62-8395-01,-0.6542
TCGA-55-6975-01,-0.6544
TCGA-78-8662-01,-0.6579
TCGA-49-4514-01,-0.6583
TCGA-49-4486-01,-0.6607
TCGA-95-7043-01,-0.6608
TCGA-50-6597-01,-0.6614
TCGA-55-A494-01,-0.6617
TCGA-55-8094-01,-0.6620
TCGA-97-8171-01,-0.6629
TCGA-44-5644-01,-0.6636
TCGA-NJ-A4YF-01,-0.6640
TCGA-64-1678-01,-0.6658
TCGA-78-7156-01,-0.6659
TCGA-05-5429-01,-0.6682
TCGA-50-5931-01,-0.6683
TCGA-55-6972-01,-0.6738
TCGA-50-6591-01,-0.6752
TCGA-78-7149-01,-0.6771
TCGA-78-7153-01,-0.6800
TCGA-78-7167-01,-0.6833
TCGA-55-A492-01,-0.6944
TCGA-55-7995-01,0.0039
TCGA-86-6851-01,0.0125
TCGA-97-7546-01,0.0191
TCGA-62-A472-01,0.0231
TCGA-91-6835-01,0.0247
TCGA-44-2665-01,0.0255
TCGA-55-8299-01,0.0345
TCGA-73-4662-01,0.0379
TCGA-99-8033-01,0.0402
TCGA-97-7553-01,0.0445
TCGA-73-4676-01,0.0576
TCGA-44-3919-01,0.0656
TCGA-62-8402-01,0.0908
TCGA-62-A46Y-01,0.0934
TCGA-97-8175-01,0.1281
TCGA-55-A4DF-01,0.1471
TCGA-44-6777-01,0.1677
TCGA-50-5941-01,0.1944
TCGA-44-A47G-01,0.2029
TCGA-55-7903-01,0.2129
TCGA-49-6767-01,0.2285
TCGA-91-6836-01,0.2458
TCGA-05-5420-01,0.2535
TCGA-44-3398-01,0.2564
TCGA-55-6712-01,0.2828
TCGA-MP-A4TF-01,0.2962
TCGA-MN-A4N5-01,0.3056
TCGA-44-6145-01,0.3221
TCGA-50-5044-01,0.3265
TCGA-55-7911-01,0.3273
TCGA-75-6205-01,0.3350
TCGA-55-8621-01,0.3387
TCGA-95-7944-01,0.3458
TCGA-97-A4LX-01,0.3490
TCGA-55-8089-01,0.3750
TCGA-55-6987-01,0.3860
TCGA-55-8090-01,0.3932
TCGA-64-1676-01,0.4056
TCGA-55-8091-01,0.4436
TCGA-05-4434-01,0.4629
TCGA-05-4244-01,0.4637
TCGA-86-A4JF-01,0.4647
TCGA-MP-A4TJ-01,0.4911
TCGA-35-4122-01,0.5094
TCGA-38-4629-01,0.5704
TCGA-55-8208-01,0.5963
TCGA-05-4426-01,0.6038
TCGA-05-4427-01,0.6042
TCGA-99-8028-01,0.6128
TCGA-44-3396-01,0.6542
TCGA-44-6778-01,0.6714
TCGA-55-6979-01,0.6786
TCGA-55-8301-01,0.6935
TCGA-L9-A444-01,0.7043
TCGA-99-7458-01,0.7516
TCGA-44-2668-01,0.7559
TCGA-MP-A4TC-01,0.7699
TCGA-49-6761-01,0.7900
TCGA-MP-A4TI-01,0.8440
TCGA-55-8511-01,0.8969
TCGA-69-7974-01,1.0824
TCGA-44-2662-01,1.0969
TCGA-05-4250-01,1.1011
TCGA-49-AAR3-01,1.1126
TCGA-55-A493-01,1.2893
TCGA-44-2656-01,1.2969
TCGA-62-A46U-01,1.3108
TCGA-50-6590-01,1.4212
TCGA-75-5122-01,1.5207
TCGA-91-6848-01,1.5537
TCGA-97-7554-01,1.5600
TCGA-50-6595-01,1.5635
TCGA-55-8302-01,1.5872
TCGA-50-5933-01,1.6280
TCGA-73-4658-01,1.6764
TCGA-35-4123-01,1.6809
TCGA-MP-A4T4-01,1.7527
TCGA-78-7542-01,1.8260
TCGA-64-5775-01,1.9487
TCGA-75-6207-01,2.0886
TCGA-05-4398-01,2.2029
TCGA-4B-A93V-01,2.2471
TCGA-73-4666-01,2.3658
TCGA-55-6978-01,2.3718
TCGA-44-3918-01,2.4161
TCGA-69-7978-01,2.4487
TCGA-55-8205-01,2.6906
TCGA-69-A59K-01,2.9165
TCGA-55-7994-01,2.9305
TCGA-49-6745-01,3.0740
TCGA-44-7661-01,3.7644
TCGA-75-5126-01,3.9603
TCGA-75-5125-01,4.2276
TCGA-83-5908-01,4.6511
TCGA-95-A4VN-01,5.1821
TCGA-38-4625-01,5.5231
TCGA-50-6594-01,6.6527
